full_name,gender_age,fractions,probability,grade
Moses Kirckman,M14,69%,89%,11th grade
Timofei Strowan,M18,63%,76%,11th grade
Silvain Poll,M18,69%,77%,9th grade
Lezley Pinxton,M18,,72%,11th grade
Bernadene Saunper,F17,72%,84%,11th grade
Eldin Spitell,M16,,83%,11th grade
Christi Lesser,F17,86%,84%,9th grade
Papageno Rummin,M17,81%,77%,11th grade
Nissa Wrotchford,F18,68%,75%,12th grade
Vincent Blumer,M14,59%,,11th grade
Roanne Blomfield,F14,72%,86%,11th grade
Roanne Blomfield,F14,72%,86%,11th grade
Lyda Gandrich,F16,71%,83%,12th grade
Wanda Ivens,F18,85%,82%,10th grade
Jarvis Cluelow,M14,69%,85%,9th grade
Fabian Pratty,M18,77%,79%,12th grade
Kippy Grewer,M18,76%,76%,9th grade
Roanne Blomfield,F14,72%,86%,11th grade
Hedvig Switsur,F14,,77%,10th grade
Alene Paylie,F18,86%,79%,11th grade
Gwendolen Attwoul,F15,72%,91%,9th grade
Kevin Purkiss,M17,81%,83%,10th grade
Micky Beechcraft,M16,78%,87%,12th grade
Tybie Barrable,F15,,88%,12th grade
Judie Isakson,F15,67%,85%,10th grade
Harbert Traice,M16,70%,85%,12th grade
Erma Cowx,F15,61%,98%,12th grade
My Iskow,M15,74%,98%,10th grade
Mariann Sinott,F18,76%,76%,10th grade
Rad Hitcham,M14,77%,76%,10th grade
Rosalind Butterwick,F17,68%,,11th grade
Sherill Picton,F16,71%,79%,9th grade
Hadrian Yurshev,M16,84%,80%,10th grade
Andrea Cartmel,F16,81%,83%,12th grade
Kristoforo Wilcockes,M15,78%,78%,10th grade
Dyanne Raubenheim,F14,,80%,12th grade
Melly Hancill,F14,76%,72%,9th grade
Boyd Richt,M16,81%,81%,12th grade
Anthea Coleridge,F16,81%,70%,12th grade
Cad Shimoni,M14,75%,90%,11th grade
Jedidiah Berrick,M14,67%,92%,12th grade
Delaney Gartrell,M17,87%,81%,11th grade
Valentine Mattersley,F17,67%,84%,11th grade
Esta Woodger,F15,69%,89%,10th grade
Marsh Wyke,M14,90%,82%,10th grade
Hilliary Haycraft,F17,64%,79%,12th grade
Clo Galland,F16,82%,70%,10th grade
Reine Callingham,F16,69%,80%,11th grade
Carlie McQueen,M16,89%,82%,11th grade
Forrest Emery,M17,94%,81%,9th grade
Kerry Lilion,M18,80%,81%,10th grade
Penelopa Meace,F16,69%,79%,12th grade
Raine Raddenbury,F15,76%,82%,10th grade
Nerita Haslum,F17,78%,73%,11th grade
Trevor Andreopolos,M14,64%,82%,12th grade
Sargent Farlambe,M17,81%,76%,12th grade
Rolland Whotton,M16,64%,73%,12th grade
Vanny Lingard,F18,78%,80%,12th grade
Talbot Godney,M18,75%,77%,12th grade
D'arcy Farnfield,M17,74%,85%,10th grade
Matthaeus Skipworth,M15,70%,83%,12th grade
Roi Lethley,M17,71%,76%,12th grade
Beverie Slemmonds,F15,81%,83%,10th grade
Jessalyn Mateu,F17,90%,87%,12th grade
Sylvan Fonzo,M16,69%,78%,11th grade
Daron Gitsham,M15,79%,79%,10th grade
Dov Spriggin,M14,83%,79%,11th grade
Janene Perry,F17,69%,70%,12th grade
Tamara Livzey,F18,74%,81%,12th grade
Rutger Mumbey,M14,64%,83%,9th grade
Malcolm Klimkov,M16,75%,73%,12th grade
Sheppard Waszkiewicz,M18,75%,89%,10th grade
Madeleine Maier,F15,68%,71%,11th grade
Henrieta Brimilcombe,F17,72%,74%,10th grade
Bartel Archer,M15,84%,80%,9th grade
Lynde Hawtry,F16,,71%,9th grade
Laurie Manuel,M14,80%,84%,12th grade
Chen Morin,M14,74%,80%,12th grade
Christopher Lathbury,M16,79%,80%,12th grade
Randie Gilyott,M14,71%,88%,12th grade
Robyn Blindermann,F16,92%,74%,11th grade
Neron Klasen,M17,71%,94%,10th grade
Ilyssa Lindenman,F14,75%,75%,9th grade
Waneta Finnigan,F14,62%,,12th grade
Benyamin Lappine,M16,84%,85%,9th grade
Hasheem Carnihan,M15,79%,,10th grade
Sindee Whyke,F17,73%,80%,11th grade
Herbie Wheeler,M17,70%,81%,11th grade
Cosmo Swetmore,M15,76%,87%,9th grade
Guilbert Cheng,M18,81%,70%,11th grade
Sybyl Kneeland,F14,82%,83%,11th grade
Berte Disdel,F14,83%,86%,12th grade
Jakie Cremer,M17,69%,78%,10th grade
Owen Shaefer,M16,69%,73%,11th grade
Zollie Manshaw,M17,73%,79%,10th grade
Bria Seiller,F15,72%,81%,12th grade
Lilyan Cicutto,F14,88%,81%,12th grade
Grantham Maykin,M16,75%,76%,11th grade
Doralyn Bartels,F14,85%,84%,12th grade
Mariam Hallyburton,F18,80%,87%,9th grade
Morissa Skade,F16,72%,70%,10th grade
Jasper Comfort,M14,76%,73%,9th grade
Siana Pallas,F18,58%,77%,10th grade
Aldous Peele,M16,86%,83%,9th grade
Ethelred Easun,M14,85%,,12th grade
Goldarina Championnet,F14,83%,85%,10th grade
Gardie Sleeny,M14,67%,89%,11th grade
Ardyth Weaben,F14,60%,74%,11th grade
Tomi Curuclis,F16,71%,86%,9th grade
Rickie Toffler,F18,73%,83%,11th grade
Grover Knightly,M16,84%,81%,9th grade
Lowe Allatt,M17,81%,76%,11th grade
Aveline Sammes,F16,70%,90%,10th grade
Farlie Pawellek,M14,87%,77%,10th grade
Luca Scutching,M15,75%,87%,11th grade
Ardys Frid,F16,83%,91%,11th grade
Johnny Iveson,M17,70%,85%,10th grade
Mathilda De Vere,F17,,74%,9th grade
Delia Lightbourne,F14,58%,78%,9th grade
Traci de Verson,F14,71%,83%,9th grade
Hugh Andreou,M17,63%,80%,9th grade
William Eronie,M16,73%,68%,10th grade
Drake Freen,M17,84%,68%,12th grade
Teena Waulker,F18,80%,87%,9th grade
Jaye MacNucator,M16,72%,71%,10th grade
Averill Moth,M15,72%,70%,10th grade
Chanda Longmead,F18,65%,82%,11th grade
Arne Gartland,M14,91%,79%,10th grade
Deena Cayle,F15,71%,82%,9th grade
Thorpe Lindmark,M15,68%,78%,9th grade
Gunner Walentynowicz,M16,79%,81%,9th grade
Baird Loughnan,M16,93%,81%,12th grade
Diego Larwell,M17,81%,71%,12th grade
Harmon Seydlitz,M14,82%,87%,9th grade
Kevyn Lomax,F17,83%,86%,10th grade
Chico Ovenell,M14,75%,90%,11th grade
Romola Kettles,F18,71%,80%,10th grade
Betty Hubbuck,F18,95%,79%,9th grade
Harri Hendrichs,F14,83%,75%,12th grade
Gusti Jermey,F17,76%,79%,11th grade
Winslow Corona,M17,75%,,9th grade
Terese Ricketts,F15,64%,,11th grade
Nataniel Bohl,M15,77%,80%,11th grade
Bethany Hesbrook,F18,65%,86%,9th grade
Fernande Dockrey,F15,70%,85%,12th grade
Giordano Southon,M14,64%,85%,9th grade
Jerrine De Vaar,F17,88%,75%,12th grade
Andreas Morsley,M14,70%,86%,11th grade
Ber Ormond,M18,69%,,10th grade
Gian Smallpeace,M17,74%,73%,10th grade
Drona Maccaddie,F16,91%,84%,12th grade
Sella Swatton,F15,85%,79%,12th grade
Ches Alfuso,M15,74%,80%,12th grade
Rand Avison,M15,83%,,12th grade
Nichols Auld,M15,,90%,11th grade
Dion Dudson,M16,67%,90%,10th grade
Dedra Tune,F18,75%,77%,12th grade
Lowe Scamal,M15,98%,82%,10th grade
Phineas Concannon,M15,83%,90%,12th grade
Nertie Keast,F16,66%,81%,9th grade
Arluene Danson,F17,72%,,12th grade
Kelcey Cervantes,F15,77%,87%,12th grade
Tana Jeal,F15,69%,69%,9th grade
Eric Faber,M18,65%,70%,9th grade
Eddie Lambot,M14,77%,85%,11th grade
Pierrette Albro,F18,64%,84%,12th grade
Karyl Brosoli,F15,68%,88%,10th grade
Alexina Durham,F18,74%,82%,11th grade
Florie Pleat,F16,90%,83%,9th grade
Keefer Humbert,M18,81%,79%,11th grade
Meryl Exposito,F15,79%,88%,12th grade
Bing Son,M16,51%,80%,12th grade
Kingsley Evill,M15,83%,,11th grade
Scarlett Bancroft,F17,93%,74%,12th grade
Franciskus Ramsell,M16,87%,77%,12th grade
Whit Garrattley,M14,88%,81%,10th grade
Viv Room,F18,66%,85%,9th grade
Demott Boath,M16,71%,91%,11th grade
Marrilee Caldecott,F16,82%,82%,9th grade
Kat McCanny,F14,,90%,10th grade
Melvyn Duncanson,M18,74%,,10th grade
Ariadne Turville,F16,,75%,12th grade
Ilka Spillman,F17,58%,88%,11th grade
Rosina Dack,F18,63%,75%,12th grade
Darryl Southern,F16,81%,86%,9th grade
Bird Rodrig,F17,82%,84%,11th grade
Gian McGauhy,M18,73%,81%,12th grade
Lilia Craydon,F16,71%,82%,11th grade
Gabbi Dinsell,F14,60%,77%,11th grade
Ludovico Roskeilly,M15,73%,61%,12th grade
Riley Vedeneev,M16,64%,67%,11th grade
Levi Lifton,M14,76%,72%,9th grade
Fons Lauritzen,M16,53%,84%,11th grade
Ivory Deetch,F18,65%,77%,10th grade
Roslyn Kimmel,F17,54%,87%,10th grade
Eva Briant,F16,71%,,11th grade
Velvet Reedie,F15,76%,80%,12th grade
Garv Leathlay,M16,69%,81%,10th grade
Margit Read,F14,84%,,9th grade
Yurik Farrell,M18,68%,85%,9th grade
Gigi Erley,F14,63%,83%,10th grade
Madelaine Drees,F14,73%,83%,10th grade
Nevins O'Sesnane,M16,,88%,9th grade
Sonnie Yukhnev,F14,83%,74%,11th grade
Boigie Kaindl,M15,81%,81%,11th grade
Richmound Death,M18,91%,82%,9th grade
Erma Gallo,F17,55%,79%,11th grade
Lennard Dooney,M18,67%,79%,9th grade
Katlin Henrie,F18,73%,83%,10th grade
Loise Lackey,F15,85%,89%,9th grade
Loise Lackey,F15,85%,89%,9th grade
Loise Lackey,F15,85%,89%,9th grade
Franzen Buey,M17,58%,70%,10th grade
Malissia Kyd,F14,87%,85%,10th grade
Garland Knok,F16,79%,73%,9th grade
Ardelis Guilloux,F16,68%,80%,10th grade
Talbert Tommasuzzi,M16,,76%,11th grade
Minetta Cohen,F17,71%,91%,12th grade
Lorita Carayol,F18,88%,75%,11th grade
Cindelyn Grishin,F15,78%,78%,10th grade
Sheri Ratcliff,F16,73%,77%,10th grade
Magdalene Lilleman,F14,83%,87%,12th grade
Ibby Catlin,F16,73%,90%,10th grade
Garik Gerram,M17,70%,81%,10th grade
Starlin Danahar,F16,76%,83%,12th grade
Chuck Loffhead,M14,74%,70%,10th grade
Friederike Stainton - Skinn,F17,87%,79%,12th grade
Devin Sperwell,M14,82%,75%,11th grade
Kasey Rowberry,F15,81%,75%,9th grade
Manolo Tillerton,M17,89%,76%,10th grade
Vassili Elflain,M15,76%,85%,11th grade
Bjorn McLaverty,M18,56%,83%,12th grade
Shannan Lievesley,M18,77%,79%,12th grade
Pamela Powdrill,F16,,88%,11th grade
Kaila Cantrell,F17,,,12th grade
Eldredge Fawthorpe,M15,74%,84%,9th grade
Joyous Langforth,F16,80%,79%,11th grade
Ange Siveter,M18,82%,85%,12th grade
Henri Nizard,M18,68%,93%,12th grade
Hatti Olczak,F15,,79%,9th grade
Abbe Tallowin,F17,78%,79%,10th grade
Arvy Picott,M17,81%,80%,11th grade
Noni Scalia,F15,72%,,9th grade
Flossie Coulthard,F17,70%,84%,9th grade
Falkner Dragonette,M14,77%,79%,12th grade
Andy Foley,M14,79%,83%,11th grade
Lewiss Tomlins,M15,72%,86%,11th grade
Shoshana Littrell,F16,74%,,12th grade
Sheelah Coleiro,F15,70%,86%,11th grade
Bobbette Firebrace,F16,86%,88%,11th grade
Hastie Dies,M15,74%,,11th grade
Lee Stolberger,F17,91%,87%,12th grade
Eddy Wreak,F18,89%,81%,10th grade
Tris Leel,M18,63%,83%,10th grade
Kyla Morsom,F16,70%,72%,10th grade
Byram Nawton,M17,76%,,10th grade
Lawrence Olander,M15,69%,77%,9th grade
Sib Clotworthy,F15,64%,,12th grade
Yevette Duncanson,F16,87%,80%,12th grade
Clyde Shrubb,M15,73%,81%,11th grade
Putnem Vedenichev,M16,,80%,9th grade
Meade Scutter,M14,69%,83%,11th grade
Timmie O'Siaghail,F14,60%,77%,10th grade
Christiana Mechan,F18,,86%,12th grade
Teodoro Verne,M17,57%,82%,11th grade
Townie Attenbarrow,M14,67%,75%,11th grade
Jacynth Tranmer,F14,,80%,12th grade
Ugo Staniland,M17,80%,82%,11th grade
Tyne Tilson,F17,76%,88%,9th grade
Zorah Mazzei,F17,67%,84%,9th grade
Elyssa Pourvoieur,F17,72%,84%,11th grade
Vassily Andino,M14,78%,83%,9th grade
Hugibert Copplestone,M18,77%,85%,9th grade
Annelise O'Currane,F18,74%,81%,12th grade
Connie de Clerk,M16,71%,81%,10th grade
Lishe Beresfore,F18,75%,72%,10th grade
Lina Dufall,F14,78%,74%,11th grade
Jere Hawton,M16,82%,83%,9th grade
Westleigh Gower,M18,78%,87%,11th grade
Legra Alstead,F17,74%,78%,12th grade
Rosemonde Heinrici,F16,67%,80%,12th grade
Stanly Nolli,M17,74%,82%,9th grade
Misti Ayre,F16,82%,84%,10th grade
Idaline Uridge,F18,73%,82%,9th grade
Lock Krystek,M17,79%,90%,12th grade
Rollo Butterwick,M17,81%,90%,9th grade
Erminie Abad,F15,,88%,10th grade
Obadiah Gunbie,M15,75%,81%,12th grade
Prentice Wanstall,M16,76%,83%,11th grade
Stephannie Lill,F18,89%,82%,12th grade
Morris Brannan,M18,70%,86%,12th grade
Annabell Stoddard,F16,72%,76%,11th grade
Anna-diana Marlon,F16,,84%,11th grade
Schuyler Dairton,M14,70%,86%,9th grade
Wash Copestick,M16,82%,81%,10th grade
Arel Sissot,M15,70%,,9th grade
Ardath Castleton,F16,75%,81%,10th grade
Gregor Shingfield,M18,80%,78%,11th grade
Anette Snawden,F17,79%,83%,11th grade
Thurston Braiden,M14,,86%,9th grade
Luci Carwithim,F15,79%,79%,12th grade
Terrel Vosse,M18,74%,83%,10th grade
Cecil Celli,M18,70%,81%,10th grade
Tiffany Brocklehurst,F15,66%,84%,10th grade
Lionello Claricoates,M18,,,9th grade
Garv Leal,M15,74%,77%,12th grade
Francisca Jantet,F16,71%,83%,11th grade
Kimberli Corp,F15,,75%,10th grade
Kimberli Corp,F15,,75%,10th grade
Trude Keates,F15,73%,88%,10th grade
Melinda Crayker,F16,82%,90%,10th grade
Reta Band,F15,84%,88%,12th grade
Tonnie Boynes,M15,64%,74%,11th grade
Arlen Pinnick,M18,70%,85%,12th grade
Caroljean Liffe,F15,83%,82%,9th grade
Otis Hutten,M17,76%,86%,9th grade
Quincy Woodroffe,M16,67%,81%,10th grade
Quincy Woodroffe,M16,67%,81%,10th grade
Colman Wellan,M14,70%,78%,11th grade
Morris Lyman,M17,94%,83%,12th grade
Gwendolin Anyene,F15,84%,75%,11th grade
Deerdre Foukx,F17,78%,89%,11th grade
Aubrette Cottey,F15,73%,83%,11th grade
Ingrim Schwand,M18,73%,75%,11th grade
Rubie Lissandri,F17,,,12th grade
Jimmy Fedynski,M16,64%,90%,11th grade
Alanson Grieger,M14,76%,77%,9th grade
Mellicent Fullagar,F18,63%,73%,9th grade
Lula Karlqvist,F16,79%,79%,11th grade
Marna Vanelli,F18,65%,76%,9th grade
Cordie Jelleman,F14,72%,80%,12th grade
Raynell Ryson,F16,78%,72%,9th grade
Reade McCorley,M17,61%,77%,10th grade
Thedric Dwyer,M17,87%,80%,12th grade
Addi Duffie,F16,86%,73%,10th grade
Kleon Lewsley,M18,81%,75%,9th grade
Nesta Syratt,F16,59%,79%,11th grade
Bennie Dytham,F16,,86%,12th grade
Ancell Kimmings,M16,69%,80%,9th grade
Kit Wiggam,M18,76%,75%,10th grade
Francklin Bramhill,M14,75%,87%,12th grade
Mitch Doncom,M18,,77%,10th grade
Inga Cawthorn,F14,70%,75%,12th grade
Catherin Dresse,F18,72%,77%,11th grade
Hewie Gilgryst,M17,61%,82%,10th grade
Janifer Bartrum,F15,62%,72%,9th grade
Sergio Grinaway,M17,76%,84%,12th grade
Berrie Gamlyn,F15,65%,85%,11th grade
Lin Ziehms,M14,71%,84%,10th grade
Eimile Canniffe,F18,,,12th grade
Falito Jayume,M18,63%,76%,9th grade
Phil Simony,M17,78%,89%,11th grade
Woodman Bloore,M15,80%,76%,11th grade
Taryn Lambart,F14,68%,78%,10th grade
Odelia Dowzell,F16,75%,,12th grade
Tore Cracknell,M18,,91%,12th grade
Jacky Joel,M17,76%,72%,11th grade
Christiano Peto,M15,66%,76%,10th grade
Georas Basezzi,M16,86%,87%,12th grade
Zacharia Leroy,M15,70%,86%,10th grade
Gaby Gwynn,F15,,77%,12th grade
Georgianne Leavy,F17,83%,84%,12th grade
Wain Licciardo,M15,67%,73%,12th grade
Neall McElhinney,M17,64%,88%,9th grade
Adelaide Maybery,F18,69%,72%,10th grade
Corene Murrison,F14,67%,91%,10th grade
Willem Hollingdale,M16,70%,86%,10th grade
Fanya Beine,F18,73%,85%,12th grade
Marin Pindell,F18,,80%,11th grade
Herbie de la Valette Parisot,M17,77%,80%,12th grade
Ode Shaw,M16,73%,74%,12th grade
Melba Conkie,F18,65%,78%,10th grade
Ignaz Malt,M14,,73%,12th grade
Hamid Amiable,M18,78%,85%,11th grade
Gifford Bernli,M16,85%,,10th grade
Sigismundo Theml,M18,67%,86%,11th grade
Anica Besnard,F16,68%,84%,12th grade
Valeria Reynalds,F15,85%,74%,9th grade
Neille Dell,F15,75%,90%,9th grade
Pacorro Dingsdale,M16,87%,85%,9th grade
Erica Coushe,F14,74%,79%,10th grade
Mikkel Mallaby,M16,,80%,12th grade
Legra Tye,F14,80%,81%,11th grade
Linn Huster,M15,,,10th grade
Randal Pennacci,M18,63%,83%,9th grade
Noami McKay,F15,75%,76%,11th grade
Mireielle Crebbin,F17,73%,73%,10th grade
Panchito Mussett,M17,71%,87%,10th grade
Kelvin McReynolds,M18,61%,90%,12th grade
Keeley Walsham,F16,77%,85%,12th grade
Audrie Rein,F17,87%,86%,11th grade
Etienne Keoghan,M17,95%,81%,9th grade
Claiborn Rylett,M14,79%,69%,10th grade
Tanitansy Liddon,F14,85%,86%,10th grade
Lennie Ashbey,M16,,91%,11th grade
Denyse Dodgshun,F15,66%,81%,10th grade
Alphard Ackland,M17,58%,,10th grade
Bernie Bettridge,M14,74%,83%,12th grade
Rodd Ahearne,M16,79%,81%,9th grade
Adolphe Neljes,M17,64%,87%,10th grade
Barrett Feragh,M14,76%,72%,9th grade
Llewellyn Keech,M14,83%,,12th grade
Llewellyn Keech,M14,83%,,12th grade
Terrell Geri,M15,80%,86%,11th grade
Gram Hallewell,M14,67%,78%,10th grade
Stephana Boots,F18,,85%,9th grade
Adrianne Bamfield,F14,91%,75%,11th grade
Glynnis Eglise,F18,,74%,10th grade
Ronnica Cough,F15,77%,84%,9th grade
Kenyon Brisland,M18,68%,91%,12th grade
Sherman Holdforth,M18,79%,69%,10th grade
Zeke Marson,M14,73%,69%,10th grade
Alexis Selbie,F17,61%,84%,12th grade
Harcourt Bratton,M14,73%,76%,10th grade
Cully Sandbatch,M16,65%,88%,9th grade
Stephan Dufore,M14,84%,77%,10th grade
Allayne Lettley,M15,,81%,10th grade
Jamima Loweth,F16,74%,90%,12th grade
Basil Choulerton,M18,63%,80%,12th grade
Carmine Dewitt,M17,79%,83%,9th grade
Carmine Dewitt,M17,79%,83%,9th grade
L;urette Preskett,F15,73%,85%,11th grade
Thorvald Slograve,M18,84%,88%,11th grade
Averil Petheridge,F16,78%,,10th grade
Reece Haslam,M15,71%,67%,11th grade
Rudolfo Welsby,M18,80%,75%,9th grade
Page Vooght,F15,77%,77%,12th grade
Charo Feragh,F18,79%,79%,9th grade
Carmine Henriet,M18,78%,86%,9th grade
Ado Hawlgarth,M16,63%,82%,10th grade
Catlee Ilem,F15,51%,87%,9th grade
Ursulina Robrow,F16,71%,83%,9th grade
Garald Cawker,M15,73%,86%,10th grade
Maxwell Dilliway,M16,71%,75%,10th grade
Taite Kochel,M15,,82%,11th grade
Porty Golding,M16,65%,85%,9th grade
Mortie Bulmer,M15,67%,68%,9th grade
Nadine Batteson,F14,71%,82%,11th grade
Deloria Kerin,F15,60%,82%,11th grade
Fremont MacInerney,M18,73%,92%,11th grade
Lou Nelissen,M16,66%,82%,12th grade
Elicia O'Meara,F17,71%,77%,12th grade
Grantley Ruffey,M18,62%,78%,10th grade
Lea Morigan,F18,74%,77%,10th grade
Arleen Loveless,F18,81%,80%,9th grade
Neille Wontner,F18,83%,91%,10th grade
Augustus Caird,M14,72%,81%,9th grade
Westbrook Celloni,M15,65%,82%,11th grade
Granny Duligall,M15,79%,77%,9th grade
Oran Reide,M18,85%,,9th grade
Arleen MacAiline,F17,85%,86%,11th grade
Caron Abthorpe,F14,82%,81%,10th grade
Uri Birchenough,M14,71%,81%,9th grade
Adelbert Pigot,M17,80%,,12th grade
Vale Glanders,M14,81%,78%,12th grade
Duane Gewer,M16,57%,,9th grade
Carroll Cocksedge,M16,78%,84%,9th grade
Mureil Doy,F15,60%,78%,9th grade
Emelita Keggin,F17,71%,87%,9th grade
Murielle Gartshore,F18,75%,79%,11th grade
Kellen Litzmann,F17,70%,87%,11th grade
Bentlee Mangeney,M17,75%,83%,10th grade
Sid Vogl,M14,72%,88%,11th grade
Dorella Alden,F17,77%,81%,9th grade
Claudia Bever,F18,68%,,9th grade
Phyllys Arnaudon,F18,62%,85%,11th grade
Kevina Margrie,F17,62%,83%,11th grade
Jolyn Noore,F15,70%,85%,11th grade
Felizio Brittoner,M14,70%,77%,12th grade
Christean Rollitt,F14,66%,84%,12th grade
Sergeant Witherow,M15,69%,89%,11th grade
Sharleen Broadey,F15,80%,81%,10th grade
Deeann Duckworth,F16,,83%,10th grade
Gerry Rangall,F15,74%,74%,12th grade
Nissy Ogglebie,F14,77%,82%,12th grade
Colver de Copeman,M18,85%,86%,10th grade
Pammi Swaby,F14,56%,75%,11th grade
Niels Lean,M17,77%,74%,9th grade
Ali Ling,F17,,,12th grade
Ode Evamy,M15,88%,,12th grade
Claudetta Tyne,F17,79%,95%,12th grade
Jennilee Megroff,F14,85%,79%,12th grade
Sauveur Grouen,M15,62%,87%,9th grade
Price Pallister,M14,58%,76%,12th grade
Corabelle Zaniolo,F15,67%,76%,12th grade
Ker Tween,M18,87%,84%,12th grade
Norton Coleford,M15,80%,74%,11th grade
Bonny Bartoszewicz,F16,90%,89%,12th grade
Winonah Le-Good,F18,84%,84%,9th grade
Lodovico Backhurst,M14,79%,88%,12th grade
Bart Parres,M17,87%,77%,9th grade
Jami Milam,F15,63%,76%,11th grade
Merlina Aleshintsev,F16,50%,86%,11th grade
Elysia Rime,F14,73%,89%,11th grade
Lovell Coolican,M18,70%,84%,11th grade
Halley Clunie,F14,73%,82%,12th grade
Gale Mullender,F17,72%,81%,12th grade
Ryun Denne,M17,74%,78%,11th grade
Cazzie Potapczuk,M14,71%,78%,10th grade
Verina Pasque,F18,48%,77%,10th grade
Roseanna Gwinnell,F15,89%,65%,9th grade
Ellissa Childrens,F14,73%,84%,12th grade
Reeta Bramich,F18,74%,92%,12th grade
Izabel Rymer,F15,66%,81%,11th grade
Rosalie Donne,F18,72%,86%,11th grade
Dulsea Burgot,F17,77%,83%,9th grade
Dulsea Burgot,F17,77%,83%,9th grade
Olin Youthead,M16,67%,77%,10th grade
Alexine Faulconbridge,F14,85%,86%,11th grade
Daile Stobbs,F16,74%,85%,12th grade
Frans Olcot,M18,76%,86%,11th grade
Abbe Addinall,M17,80%,70%,12th grade
Anne-corinne Levens,F15,74%,86%,12th grade
Randy Stuckford,F18,77%,85%,10th grade
Diahann Pleven,F15,83%,84%,10th grade
Cele Pavelka,F14,82%,79%,12th grade
Roze Tregale,F15,67%,84%,9th grade
Adams Davidsson,M16,75%,89%,12th grade
Nonnah Karpfen,F18,63%,79%,10th grade
Erena Stratton,F16,,81%,11th grade
Chloe Payn,F18,75%,78%,10th grade
Marie-ann Fishly,F15,71%,83%,12th grade
Willetta McTurk,F17,70%,88%,10th grade
Othello Karlsson,M15,,88%,11th grade
Ashly Smeaton,F17,78%,83%,9th grade
Eyde Kempshall,F17,88%,77%,12th grade
Salmon Outridge,M17,64%,90%,10th grade
Meade Moncarr,M16,82%,76%,10th grade
Cletis Petricek,M18,64%,87%,9th grade
Marlene Clue,F15,75%,75%,9th grade
Reidar Dyneley,M14,81%,79%,11th grade
Cam Stubbeley,M15,56%,79%,12th grade
Walt Hebbs,M15,73%,78%,9th grade
Georgia Ferraresi,F16,73%,82%,9th grade
Maurice Lott,M17,70%,74%,11th grade
Ambrosi Durnian,M15,77%,78%,11th grade
Laurie Glandfield,F15,64%,,12th grade
Ira Yurocjhin,M15,66%,89%,12th grade
Carey Larvent,M15,71%,78%,11th grade
Maridel Ghelardoni,F14,86%,85%,11th grade
Aurilia Matejka,F15,80%,83%,12th grade
Ingar Chaplain,M17,79%,84%,11th grade
Berthe Annett,F17,92%,77%,10th grade
Auberta Ciottoi,F18,83%,86%,10th grade
Bogart Clemow,M16,67%,77%,11th grade
Paige Bengtson,M14,77%,71%,10th grade
Smitty Pettwood,M18,81%,86%,12th grade
Teirtza Lewis,F14,83%,83%,12th grade
Boote Gadie,M15,73%,65%,11th grade
Agnesse Eronie,F18,73%,72%,10th grade
Karoly Varker,M14,77%,94%,12th grade
Franklyn Bevan,M17,82%,77%,12th grade
Angil Lympany,F18,85%,96%,10th grade
Trixie Mattussevich,F18,86%,78%,12th grade
Kathie O'Lenane,F15,75%,87%,10th grade
Philippine Fosdike,F16,83%,70%,9th grade
Kelley Cherry Holme,M17,73%,80%,10th grade
Gery Meegin,M17,67%,68%,11th grade
Culver Chapelhow,M18,80%,74%,12th grade
Goldi Kitchingham,F16,68%,77%,9th grade
Shelby Shearsby,M17,65%,89%,10th grade
Ainsley Longhirst,F14,69%,95%,10th grade
Miriam Kapelhoff,F18,84%,86%,9th grade
Wendeline Haney,F16,70%,80%,12th grade
Calli Buckley,F18,71%,,10th grade
Trumaine Cornwall,M16,75%,77%,12th grade
Che Tomkinson,M14,63%,77%,11th grade
Yard Santorini,M17,57%,82%,11th grade
Ari Downing,M14,69%,80%,10th grade
Blakeley Gibbard,F16,81%,77%,9th grade
Colas Drennan,M15,81%,,12th grade
Roderich Costell,M15,80%,,12th grade
Kienan Simonard,M15,72%,81%,10th grade
Claude Zuanazzi,F14,78%,72%,11th grade
Burton Owbridge,M14,82%,81%,11th grade
Hobey Bradlaugh,M18,76%,73%,11th grade
Kermit Trusty,M16,63%,88%,9th grade
Leona Vamplers,F14,65%,,12th grade
Foster Paxton,M16,82%,77%,11th grade
Raul Chrispin,M17,77%,81%,10th grade
Carissa Bony,F17,66%,76%,10th grade
Bealle Creeghan,M16,87%,77%,11th grade
Arlette Gulvin,F17,79%,83%,10th grade
Arlette Gulvin,F17,79%,83%,10th grade
Vassili Galbreath,M18,71%,76%,9th grade
Ingemar Bruyntjes,M16,78%,73%,9th grade
Harbert Tripcony,M17,65%,74%,9th grade
Minetta Cogar,F18,86%,79%,12th grade
Wallie Leverich,F17,83%,81%,12th grade
Mag Maneylaws,F16,70%,70%,11th grade
Marja Pettiford,F16,67%,73%,9th grade
Aarika Govett,F16,64%,81%,12th grade
Tobi Marlon,F14,76%,74%,9th grade
Ailina Shyre,F16,80%,82%,12th grade
Benedetta MacSkeaghan,F15,70%,76%,9th grade
Brig Meadowcroft,M16,84%,,12th grade
Isidor Abrashkov,M14,83%,78%,11th grade
Siana McKune,F17,72%,76%,12th grade
Tuck Lyford,M17,73%,84%,11th grade
Janie Paris,F17,68%,82%,11th grade
Nikolia Rainsdon,F15,66%,74%,11th grade
Libbie MacIver,F15,71%,83%,10th grade
Caesar Arnison,M16,70%,78%,12th grade
Leanora Cowup,F15,72%,74%,9th grade
Leanora Cowup,F15,72%,74%,9th grade
Ranna Fotherby,F14,67%,82%,10th grade
Myrilla Pargiter,F16,75%,83%,9th grade
Sheppard Fideler,M14,72%,85%,10th grade
Leela Woollard,F17,88%,78%,11th grade
Camille Mussotti,F16,74%,85%,9th grade
Ari Watters,M17,77%,81%,9th grade
Arne Glozman,M15,67%,80%,9th grade
Carlina Illesley,F18,64%,67%,12th grade
Rora Lomansey,F16,88%,83%,12th grade
Lambert Henric,M18,80%,75%,12th grade
Magda McCane,F18,74%,71%,10th grade
Elmer Gettings,M18,66%,84%,10th grade
Jodie Esslement,M15,77%,86%,10th grade
Frederigo Gouch,M16,,74%,11th grade
Datha Hay,F16,82%,86%,10th grade
Joan Joint,F16,,80%,10th grade
Calv Charlotte,M17,75%,77%,11th grade
Letta Supple,F16,60%,88%,10th grade
Mayne Brewers,M17,73%,74%,11th grade
Valentia Blunsom,F16,63%,90%,11th grade
Gillan Trahar,F17,74%,76%,11th grade
Sibley Escott,F16,68%,95%,11th grade
Edy Faussett,F15,84%,85%,11th grade
Angelle Philippsohn,F15,68%,89%,12th grade
Noah Rough,M15,71%,83%,10th grade
Olly MacPhee,M16,61%,86%,10th grade
Theobald Westraw,M15,65%,91%,11th grade
Udall Cockland,M14,71%,82%,10th grade
Kathi McGrorty,F15,70%,84%,10th grade
Maggi Howship,F15,65%,85%,12th grade
Mata Quiddington,M17,79%,83%,10th grade
Barret Furby,M18,69%,97%,10th grade
Mariejeanne Bullivent,F16,84%,,11th grade
Edgard Cattle,M16,79%,80%,10th grade
Rey Grisard,F14,76%,79%,11th grade
Olvan O'Kielt,M18,87%,95%,12th grade
Justen Pinkney,M17,72%,84%,10th grade
Leopold Daniells,M16,71%,78%,9th grade
Dalis Ausiello,M16,70%,85%,11th grade
Dionisio Wickardt,M18,79%,,11th grade
Boniface Mytton,M15,78%,84%,12th grade
Ogden Camacho,M16,91%,85%,12th grade
Alecia Harcase,F16,82%,,11th grade
Nyssa Wauchope,F15,84%,82%,10th grade
Tamarra Itzkov,F14,69%,85%,9th grade
Giacopo Kassidy,M16,82%,80%,12th grade
Trent Schruurs,M18,76%,70%,12th grade
Wally Sinderland,F18,80%,79%,10th grade
Filia Yvon,F15,,88%,9th grade
Liesa Barabisch,F18,77%,77%,9th grade
Correy Noquet,M17,69%,70%,10th grade
Dulcie Dillon,F17,78%,85%,12th grade
Aleen Rounsivall,F15,73%,93%,11th grade
Reggy Burdoun,M17,84%,,10th grade
Gayle Meaddowcroft,M15,83%,92%,12th grade
Tremain Heephy,M14,68%,82%,12th grade
Winnie Massenhove,M16,73%,87%,9th grade
Josepha Ginnety,F16,,75%,10th grade
Kelcey Jacob,F18,64%,84%,9th grade
Miner Ogilby,M16,80%,79%,12th grade
Maighdiln Esler,F14,72%,,11th grade
Maryl Robeson,F14,68%,81%,11th grade
Wye Brands,M16,73%,91%,9th grade
Payton Entwhistle,M17,87%,77%,12th grade
Daisy Norwich,F17,82%,75%,11th grade
Robinet Crean,F15,75%,76%,12th grade
Fred Kimmince,F16,72%,82%,9th grade
Bondon Moloney,M17,77%,73%,10th grade
Devan Sottell,F15,78%,81%,10th grade
Hedwiga Gouck,F16,84%,74%,11th grade
Kissiah Morrison,F17,64%,84%,10th grade
Dionysus Chedgey,M18,78%,92%,10th grade
Emmott Riddler,M15,66%,81%,9th grade
Sharline Tinker,F17,80%,86%,9th grade
Carmon Tetsall,F15,74%,83%,11th grade
Tamara Poland,F16,73%,75%,9th grade
Edwina Leschelle,F16,85%,81%,11th grade
Antons Bembrick,M18,72%,86%,9th grade
Clem McKeurtan,F18,75%,93%,12th grade
Chaim Samper,M18,72%,77%,12th grade
Brigitta Myhan,F15,77%,,12th grade
Ursala Citrine,F16,84%,90%,12th grade
Ursala Citrine,F16,84%,90%,12th grade
Colly Garbutt,F17,72%,82%,11th grade
Jermayne Fraanchyonok,M16,,,9th grade
Franklin Shottin,M14,78%,75%,12th grade
Cart Crew,M18,67%,80%,10th grade
Bunni Ducket,F17,76%,87%,12th grade
Abelard Bitchener,M16,90%,84%,11th grade
Mattie Dewar,M18,91%,87%,12th grade
Donia Stockoe,F18,88%,84%,10th grade
Korella Spurden,F16,79%,81%,9th grade
Basilius Sine,M17,66%,85%,10th grade
Kingston Akaster,M14,71%,75%,9th grade
Carita Utting,F16,68%,83%,11th grade
Kizzee Kensington,F17,68%,76%,12th grade
Garret Hartfleet,M17,68%,90%,12th grade
Ingrid Meatyard,F18,65%,,12th grade
Verney Sainsberry,M18,85%,76%,9th grade
Lonni Bruhnicke,F16,71%,81%,9th grade
Isa Staynes,M16,57%,87%,12th grade
Hakim Stook,M18,82%,,10th grade
Lucho Scarlet,M14,69%,74%,10th grade
Wain Iacapucci,M15,74%,89%,11th grade
Lorinda Coldbreath,F16,64%,75%,9th grade
Emmalee Harrisson,F15,65%,84%,11th grade
Pavel Makey,M17,96%,91%,9th grade
Cristian Korba,M18,84%,80%,10th grade
Vachel Bushrod,M15,83%,85%,11th grade
Taddeusz Gavozzi,M16,72%,83%,10th grade
Bil McCoole,M15,,73%,11th grade
Lusa Swedeland,F18,67%,77%,9th grade
Leonie Pashenkov,F18,70%,94%,9th grade
Bruce Crebott,M16,62%,74%,11th grade
Rikki McCauley,M17,75%,80%,12th grade
Pauletta Austen,F18,81%,73%,9th grade
Flynn Callicott,M16,66%,90%,10th grade
Francesca Crumley,F14,77%,72%,11th grade
Robinette Dillon,F15,70%,88%,12th grade
Wendall Fontenot,M16,84%,78%,9th grade
Cyndia Couchman,F16,77%,78%,12th grade
Leeann Gregs,F14,,81%,12th grade
Fran Gooderidge,M15,,87%,11th grade
Zechariah Tuffield,M15,70%,94%,12th grade
Demetris Lougheid,M15,77%,80%,9th grade
Alis Truswell,F18,94%,,9th grade
Wittie Caurah,M14,89%,85%,12th grade
Cherie Gerant,F15,71%,82%,12th grade
Wallis Eslie,M18,78%,,10th grade
Trevor Mantle,M14,75%,88%,10th grade
Fawnia Windram,F14,76%,94%,12th grade
Heindrick Manilo,M18,79%,86%,11th grade
Nadean Klasing,F17,,83%,11th grade
Twila McKerton,F15,59%,84%,10th grade
Gerry Sparling,M15,70%,81%,11th grade
Denyse Bisseker,F15,75%,92%,9th grade
Gweneth Churching,F18,80%,75%,12th grade
Solomon Grainger,M17,73%,84%,12th grade
Avram Esposi,M15,,76%,12th grade
Quent McAughtry,M16,77%,85%,9th grade
Manya Hafner,F18,79%,73%,9th grade
Mateo Limbrick,M15,79%,90%,12th grade
Marcela Samart,F16,69%,95%,10th grade
Morry Foxen,M14,84%,84%,11th grade
Johan Tenney,M14,66%,83%,10th grade
Karisa Blackstock,F17,75%,84%,9th grade
Kaila Salisbury,F18,79%,84%,12th grade
Manolo Abramamov,M16,90%,76%,12th grade
Jennilee Bernuzzi,F17,80%,73%,12th grade
Selinda Takkos,F14,75%,75%,12th grade
Cesare Spores,M18,65%,78%,11th grade
Jacynth Scarrott,F18,72%,95%,12th grade
Ariadne Dundridge,F18,77%,77%,9th grade
Brander Grombridge,M16,66%,85%,9th grade
Rupert Kiehnlt,M17,,79%,10th grade
Dannie Gerber,M14,80%,80%,11th grade
Kendall Nattriss,M18,85%,81%,11th grade
Nowell Fender,M18,78%,82%,12th grade
Darbee Marqyes,M14,80%,80%,12th grade
Sarina Wakelin,F14,77%,80%,12th grade
Vernen Boskell,M18,62%,83%,12th grade
Rodge Bernardez,M16,75%,86%,10th grade
Kip Innott,F17,95%,72%,11th grade
Micah Moohan,M17,,82%,11th grade
Gaston Oldroyd,M17,94%,,11th grade
Garnet Yarranton,F17,76%,67%,11th grade
Alverta Adolthine,F16,73%,82%,11th grade
Cordey Kirkebye,F16,90%,74%,11th grade
Carmelita Parkhouse,F15,72%,80%,12th grade
Desdemona Jefferies,F16,78%,81%,10th grade
Krissy Sanchis,F17,77%,62%,12th grade
Corrianne Guerra,F14,76%,86%,12th grade
Dominic Forsythe,M15,90%,80%,12th grade
Ber Newlyn,M16,70%,86%,12th grade
Trista Ruos,F18,77%,75%,10th grade
Eldin Salmon,M15,83%,78%,11th grade
Case Lighterness,M15,71%,72%,10th grade
Donovan Peet,M17,73%,88%,12th grade
Ingamar Ughi,M18,73%,81%,11th grade
Pascale Doak,M18,71%,83%,9th grade
Lauretta Rivelon,F17,71%,86%,12th grade
Priscilla Savatier,F15,71%,,12th grade
Hayes Cutsforth,M15,93%,80%,12th grade
Anestassia Gasker,F17,73%,,10th grade
Christin Cross,F17,86%,82%,12th grade
Rochella Canete,F18,82%,83%,9th grade
Janis Cardero,F16,75%,86%,10th grade
Eolande Thorneywork,F17,66%,85%,11th grade
Angelita Jancar,F16,90%,83%,9th grade
Luise Laterza,F18,86%,74%,12th grade
Massimo Babbs,M16,84%,83%,11th grade
Garrek Manuely,M14,70%,85%,9th grade
Winslow Lilliman,M15,81%,83%,11th grade
Grantham Yate,M15,77%,87%,10th grade
Dennie Chopping,M16,81%,83%,9th grade
Garwin Crust,M16,76%,78%,9th grade
Orren Heater,M15,67%,94%,11th grade
Chiquita Bains,F17,72%,77%,10th grade
Shalom Vittet,M18,61%,85%,10th grade
Lelia MacKenzie,F14,73%,79%,12th grade
Blair Chiles,M18,79%,82%,10th grade
Norby Coney,M18,73%,87%,9th grade
Adriane Guage,F16,,79%,12th grade
Wendall Drinnan,M14,74%,70%,9th grade
Mariya Rings,F17,72%,87%,10th grade
Rollin Tointon,M14,74%,71%,9th grade
Lexy Moan,F16,,75%,11th grade
Ollie Extence,F17,79%,76%,10th grade
Tito Wanklyn,M16,55%,61%,12th grade
Zebadiah Josefovic,M14,72%,75%,12th grade
Monte Passion,M17,71%,85%,11th grade
Filmore Gummow,M14,76%,83%,12th grade
Zarah Borgars,F16,71%,74%,11th grade
Koo Woodfield,F16,65%,79%,12th grade
Llywellyn Peniello,M15,83%,75%,9th grade
Timofei Drummer,M16,78%,83%,10th grade
Anna-maria Zaczek,F15,76%,84%,9th grade
Quent Farrow,M18,,86%,11th grade
Francklyn Pherps,M16,73%,93%,9th grade
Hanson Zorro,M15,79%,,11th grade
Janelle Schrei,F15,89%,78%,11th grade
Sheila-kathryn Bartlomiej,F18,79%,81%,9th grade
Dex Best,M17,66%,77%,10th grade
Rodger McCrackem,M16,68%,82%,10th grade
Idelle Moggach,F18,64%,86%,10th grade
Crosby Yaknov,M18,85%,80%,9th grade
Kristi Hutton,F18,74%,,10th grade
Ali Halvosen,M18,68%,76%,11th grade
Beitris Waltering,F14,80%,85%,9th grade
Arabel Vallack,F17,73%,77%,9th grade
Padraig Silburn,M18,59%,88%,11th grade
Kippie Tomkinson,M15,,88%,12th grade
Evan Gull,M15,71%,84%,10th grade
Agnola Tchaikovsky,F14,74%,76%,10th grade
Friedrick Murrock,M14,75%,90%,12th grade
Joaquin Yakubov,M14,66%,,10th grade
Archibald Phear,M14,86%,79%,12th grade
Harri Klais,F15,68%,67%,11th grade
Frederique Matijasevic,F18,79%,79%,11th grade
Allsun Carnew,F15,69%,73%,12th grade
Gwenore Dysert,F17,70%,85%,12th grade
Darline Streetfield,F15,72%,56%,9th grade
Winny Rackstraw,M18,75%,82%,11th grade
Judon Stroobant,M15,78%,81%,10th grade
Marcelo Riddell,M16,64%,82%,12th grade
Goddard Mosson,M14,,80%,12th grade
Kesley Neubigging,F16,68%,73%,12th grade
Osborne Hurich,M17,65%,77%,9th grade
Sara-ann Wraighte,F15,70%,81%,11th grade
Jorey O Sullivan,F14,66%,86%,11th grade
Laure Currier,F17,62%,74%,12th grade
Lydia Lieber,F14,70%,81%,12th grade
Artair Earland,M18,62%,84%,10th grade
Adelbert Drane,M15,67%,83%,12th grade
Arv Laphorn,M18,76%,,12th grade
Alidia Narrie,F18,91%,73%,11th grade
Sherwin De La Hay,M15,74%,83%,11th grade
Wenda Warmington,F18,81%,89%,12th grade
Errol Le Friec,M16,70%,80%,12th grade
Rufus Bleasdille,M14,75%,59%,11th grade
Jeddy Jelf,M16,73%,83%,12th grade
Eustace Dawdary,M15,79%,81%,10th grade
Ches Elkins,M17,63%,93%,10th grade
Valene Brolly,F15,59%,89%,12th grade
Zsa zsa Drayson,F17,77%,81%,9th grade
Ephrayim Clapson,M18,83%,70%,9th grade
Benoite Bourton,F14,78%,80%,10th grade
Frannie Porker,F14,75%,85%,11th grade
Aldridge Chesnut,M18,62%,,11th grade
Tova Whyberd,F17,72%,78%,10th grade
Willow Ordish,F18,69%,84%,10th grade
Elmo Lievesley,M16,63%,86%,11th grade
Wendall Widd,M16,74%,,12th grade
Larissa MacKaig,F14,75%,73%,10th grade
Keir Kirkhouse,M17,73%,66%,11th grade
Liza Crichten,F15,82%,83%,9th grade
Cherilyn Jobb,F18,86%,77%,11th grade
Der Kauffman,M18,91%,81%,11th grade
Antons Chander,M18,82%,83%,12th grade
Pembroke Patinkin,M14,71%,89%,10th grade
Giustina Coyett,F15,68%,73%,12th grade
Tamra Boustred,F16,72%,,9th grade
Cleon Puve,M15,81%,,11th grade
Sarena Loseby,F16,69%,79%,10th grade
Colby Elford,M15,68%,,9th grade
Vassili Lankford,M18,73%,83%,12th grade
Koren Gile,F17,81%,75%,9th grade
Merwin Scneider,M17,71%,84%,10th grade
Stormy Stranio,F17,62%,85%,11th grade
Heinrick Annandale,M16,75%,85%,11th grade
Maxi Dew,F16,77%,71%,10th grade
Jewell Boas,F15,57%,90%,12th grade
Lebbie Twine,F17,72%,91%,12th grade
Garek Culbert,M14,64%,,11th grade
Cristine Warboys,F16,74%,74%,12th grade
Andros Magnus,M14,73%,85%,11th grade
Micheline Trent,F14,64%,81%,9th grade
Denna Mackrill,F16,78%,70%,10th grade
Maegan Ebbrell,F18,75%,77%,11th grade
Nikki Dashper,M17,67%,81%,11th grade
Miran McDermott-Row,F17,63%,77%,12th grade
Rick Druhan,M17,79%,73%,10th grade
Doy Hatz,M17,77%,,9th grade
Dina Jauncey,F15,83%,82%,11th grade
Karyn Craft,F18,78%,88%,12th grade
Olin Tarply,M15,75%,88%,12th grade
Hatti Prisk,F15,,,11th grade
Darnall Ostler,M15,92%,84%,10th grade
Noam Gudgin,M18,60%,91%,9th grade
Godart Goodbarne,M18,81%,78%,12th grade
Sibyl Earles,M15,,74%,11th grade
Michal Causier,M14,68%,86%,9th grade
Ingrim Bottrell,M18,84%,93%,10th grade
Isidora Brave,F18,66%,79%,11th grade
Edythe Verdun,F18,,80%,12th grade
Angelico Ferrulli,M15,70%,72%,9th grade
Crawford Howsin,M16,84%,75%,11th grade
Deanna Daviot,F17,77%,77%,12th grade
Denyse Cuthbert,F14,66%,86%,12th grade
Florencia Fairhurst,F17,76%,81%,12th grade
Codi Cutridge,F18,81%,81%,9th grade
Patty McDermid,F14,80%,79%,9th grade
Elianora Medwell,F17,,74%,11th grade
Neill Reightley,M16,70%,74%,12th grade
Viviana Dadds,F17,85%,75%,12th grade
Kaye Sterte,F17,66%,81%,9th grade
Pascale Wathey,M18,79%,77%,9th grade
Illa Camacho,F15,82%,90%,9th grade
Johny Prys,M14,59%,84%,11th grade
Barris Lemarie,M18,67%,74%,10th grade
Federico Sevin,M15,78%,83%,12th grade
Gardener Hussy,M14,75%,88%,12th grade
Joshua Rosenhaus,M15,73%,75%,10th grade
Koressa O'Cannavan,F16,79%,79%,12th grade
Boonie Marfield,M14,63%,81%,9th grade
Tony Danahar,M15,79%,74%,11th grade
Tommi Cardenoza,F15,78%,,12th grade
Vere Firebrace,F17,83%,76%,12th grade
Evania Espinha,F14,88%,80%,9th grade
Danette Pancoust,F15,97%,89%,12th grade
Scarface Pevie,M17,56%,84%,11th grade
Bobine Tordiffe,F14,72%,78%,9th grade
Elberta Newsham,F16,,86%,9th grade
Mercy Kinnoch,F14,76%,83%,12th grade
Kylie Oldnall,M15,68%,72%,10th grade
Jamaal Braidford,M15,54%,90%,12th grade
Gaile McKnish,M16,76%,79%,9th grade
Caralie Few,F17,89%,73%,11th grade
Hedvig MacKnight,F14,,75%,10th grade
Harrietta Audus,F14,74%,72%,11th grade
Therine Bartkiewicz,F18,79%,80%,11th grade
Sophi Balchin,F15,67%,89%,10th grade
Westbrooke Boch,M16,90%,91%,11th grade
Averill Hobbema,M17,78%,76%,10th grade
Cherilynn Hawkslee,F18,76%,,9th grade
Jaimie Abbie,M15,65%,74%,12th grade
Boote Skuce,M14,60%,75%,10th grade
Ansell Blais,M18,70%,80%,11th grade
Carlos Playfair,M18,66%,82%,11th grade
Karlene Plaskett,F14,65%,77%,10th grade
Benedict Fotherby,M17,61%,78%,10th grade
Keven Proffitt,M18,69%,73%,12th grade
Murielle Hardwicke,F16,68%,78%,9th grade
Jacqueline McCrie,F15,71%,72%,9th grade
Ailey Calloway,F16,83%,82%,12th grade
Kyle Capelow,M15,78%,80%,12th grade
Antin Pandey,M14,64%,75%,12th grade
Rochette McCoish,F18,81%,81%,12th grade
Thorpe Danniell,M18,94%,78%,10th grade
Malynda Jovicevic,F14,76%,85%,10th grade
Wade Bowman,M15,86%,80%,10th grade
Myer Levesley,M15,69%,86%,12th grade
Dunstan Starking,M14,67%,86%,9th grade
Joey Staddon,F15,70%,91%,12th grade
Giffard Seid,M18,79%,79%,11th grade
Kit Ventura,F17,74%,72%,9th grade
Ellwood Schrir,M14,67%,79%,10th grade
Aubrette MacTerlagh,F18,69%,88%,9th grade
Cassaundra Goodbur,F14,70%,87%,11th grade
Fletcher Rallinshaw,M15,80%,83%,11th grade
De witt Zima,M15,81%,76%,10th grade
Elfreda Wolvey,F16,69%,77%,12th grade
Heidie Rodger,F14,67%,82%,12th grade
Hillard Santos,M18,94%,90%,12th grade
Roxanna Hartland,F14,74%,77%,10th grade
Dorella Purves,F16,73%,66%,11th grade
Ned Mullan,M15,77%,79%,10th grade
Bertha Flancinbaum,F17,74%,76%,9th grade
Ewen Salasar,M16,66%,79%,12th grade
Nerti Bish,F14,59%,91%,11th grade
Wilie Stillert,F14,72%,69%,9th grade
Gertie Flicker,F15,,86%,11th grade
Yettie Labes,F14,81%,82%,12th grade
Lock McGuinley,M18,,84%,10th grade
Bebe Lebbern,F15,66%,91%,12th grade